{
	"header": {
		"company": {
			"name": "ООО ВестПром",
			"regNum": "Ц-19-0022707"
		},
		"document": {
			"date": "21.03.2019",
			"name": "ОТЧЁТ О РЕЗУЛЬТАТАХ ОБСЛЕДОВАНИЯ ТЕХНИЧЕСКОГО СОСТОЯНИЯ ЖИЛОГО ДОМА"
		}
	},
	"addressData": {
		"street": "Академика Туполева наб.",
		"house": "15",
		"corpus": "",
		"stroenie": "",
		"area": "Басманный",
		"region": "ЦАО",
		"associationHomeowners": "ЖСК КАСКАД",
		"appointment": "МКД",
		"managerOrganization": "ООО УК «ЛОГИСТИКА»"
	},
	"objectPasport": {
		"floorsQty": 23,
		"entrancesQty": 11,
		"buildingVolume": 909332,
		"flatsQty": 708,
		"area": {
			"effective": 168820,
			"living": 77901,
			"notLiving": 90919
		},
		"projectSeria": "Индивид.",
		"buildYear": {
			"initial": 2008,
			"reconstruction": ""
		},
		"deterioration": {
			"date": "01.01.2019",
			"percent": 8
		},
		"builtInStructures": {
			"itp": "4шт./ 1шт.",
			"tp": "1 шт., в т.ч. масляные ТП 1 шт.",
			"transitMagistral": ""
		},
		"energyEffectiveness": {
			"class": "B",
			"heatEnergyConsumption": {
				"fact": 0.07,
				"project": 70.0,
				"deviationAmount": -10.23
			}
		}
	},
	"technicalConclusionsRepairProjects": {
		"1": {
			"date": "21.04.2014",
			"number": "СВ-14-0006011",
			"condition": ""
		},
		"2": {
			"organization": "",
			"date": "",
			"name": ""
		}
	},
	"conclusionsFromThePreviousSurvey": {
		"date": "30.10.2014",
		"number": "Ц-14-1033865",
		"technicalCondition": "Н/о"
	},
	"previousSurveyRecommendations": {
		"roof": {
			"roof": {},
			"overhangs": {},
			"rafterSystem": {},
			"attic": {},
			"coating": {},
			"allElements": {}
		},
		"water": {},
		"sealing": {},
		"facade": {
			"repair": "Оконные заполнения"
		},
		"balconies": {
			"balconies": {},
			"loggias": {},
			"visors": {},
			"erkers": {},
			"allElements": {}
		},
		"walls": {
			"repair": "Утепление"
		},
		"groundFloor": {},
		"technicalGroundFloor": {},
		"technicalFloor": {},
		"garage": {},
		"commonPlaces": {
			"vestibules": {},
			"porches": {},
			"externalRamps": {},
			"accessRamps": {},
			"gatheringsCongresses": {},
			"windowsDoors": {},
			"interiorDecoration": {},
			"allElements": {}
		},
		"crossover": {},
		"heatingSystems": {
			"technicalFloors": {},
			"transitFeeding": {},
			"attic": {},
			"floors": {},
			"wholeSystem": {}
		},
		"hotWaterSystem": {
			"technicalFloors": {},
			"transitFeeding": {},
			"attic1": {},
			"floors": {},
			"wholeSystem": {}
		},
		"coldWaterSystem": {
			"technicalFloors": {},
			"transitFeeding": {},
			"fireWaterSystem": {},
			"floors": {},
			"wholeSystem": {}
		},
		"sewerage": {
			"technicalFloors": {},
			"floors": {},
			"wholeSystem": {}
		},
		"wasteChute": {},
		"wasteChuteFlushingSystem": {},
		"ventilation": {},
		"gasWaste": {},
		"elevators": {},
		"invalidElevator": {},
		"autoLoweringElevatorSystem": {},
		"ESSystem": {},
		"secondCableEnter": {},
		"autoStartReservElectricity": {},
		"PPAIDU": {},
		"fireAlarmSystem": {},
		"GS": {},
		"ODSConnection": {},
		"videoSurveillanceSystem": {},
		"antiMouseSustem": {},
		"generalConclusion": "Ремонтные работы не предусматривались. Здание ранее не обследовалось."
	},
	"surveyResults": {
		"roof": {
			"type": "",
			"roof": {
				"material": "",
				"square": 538,
				"description": "Застойные зоны. Вздутия на отдельных участках, неровности. Протечек по информации УК нет.",
				"conclusion": {
					"preSurveyAssessment": "",
					"deffectPercent": 20,
					"conclusion": "У"
				}
			},
			"overhangs": {
				"description": "Деформация металлического окрытия парапета и выступающих над кровлей стен.",
				"conclusion": {
					"preSurveyAssessment": "",
					"deffectPercent": 10,
					"conclusion": "У"
				}
			},
			"rafterSystem": {
				"description": "Отсутствует.",
				"conclusion": {
					"preSurveyAssessment": "",
					"deffectPercent": 0,
					"conclusion": ""
				}
			},
			"attic": {
				"description": "Отсутствует.",
				"conclusion": {
					"preSurveyAssessment": "",
					"deffectPercent": 0,
					"conclusion": ""
				}
			},
			"coating": {
				"description": "Не обследуемо.",
				"conclusion": {
					"preSurveyAssessment": "",
					"deffectPercent": 0,
					"conclusion": "Н/О"
				}
			},
			"allElements": {
				"description": "Работоспособное состояние. Дефекты устранимы текущим ремонтом.",
				"conclusion": {
					"preSurveyAssessment": "",
					"deffectPercent": 20,
					"conclusion": "Р"
				}
			}
		},
		"water": {
			"type": "inDoor",
			"material": "Оцинк.сталь",
			"description": "Незначительные трещины отмостки по примыканию к стенам.",
			"conclusion": {
				"preSurveyAssessment": "",
				"deffectPercent": 10,
				"conclusion": "У"
			}
		},
		"interpanelJoints": {
			"description": "Отсутствуют.",
			"conclusion": {
				"preSurveyAssessment": "",
				"deffectPercent": 0,
				"conclusion": ""
			}
		},
		"sealing": {},
		"facade": {
			"description": "Трещины в лицевом кирпиче на отдельных участках. Вертикальные трещины в подоконных зонах, раскрытием до 3 мм на высоту 2–х этажей в зоне подъезда. Следы замачивания под окнами и в зоне наружных водостоков. Незначительные трещины по пояскам и под окнами. Загрязнение экранов лоджий. Отслоение отдельных плиток цоколя.",
			"parameters": {
				"area": "109000",
				"wallsFinish": "Облицовка кирпичом",
				"plinthFinish": "Облицовка",
				"windows": "Пластиковые"
			},
			"conclusion": {
				"preSurveyAssessment": "",
				"deffectPercent": 10,
				"conclusion": "У"
			}
		},
		"balconies": {
			"parameters": {
				"balkoniesQty": 72,
				"loggiasQty": 848,
				"visorsQty": {
					"upEntries": 12,
					"upLoggias": 0,
					"nonProjects": 0
				},
				"erkersQty": 14
			},
			"balconies": {
				"description": "Остеклены при строительстве. Повреждение отделки экранов. Над эркерами открытые балконы.",
				"conclusion": {
					"preSurveyAssessment": "",
					"deffectPercent": 10,
					"conclusion": "Р"
				}
			},
			"loggias": {
				"description": "Сколы и трещины защитного слоя ж/б ограждений. Следы протечек. Повреждение гидроизоляции, трещины плитки пола. Краевые замачивания плит, не обеспечен водоотвод.",
				"conclusion": {
					"preSurveyAssessment": "",
					"deffectPercent": 10,
					"conclusion": "ОГР"
				}
			},
			"visors": {
				"description": "Триплекс по металлоконструкции. Видимые дефекты отсутствуют.",
				"conclusion": {
					"preSurveyAssessment": "",
					"deffectPercent": 3,
					"conclusion": "НОР"
				}
			},
			"erkers": {
				"description": "Замачивание облицовочного кирпича под окнами на отдельных участках, мелкие трещины в облицовке.",
				"conclusion": {
					"preSurveyAssessment": "",
					"deffectPercent": 10,
					"conclusion": "Р"
				}
			},
			"allElements": {
				"description": "Ограниченно-работоспособное состояние эвакуационных лоджий.",
				"conclusion": {
					"preSurveyAssessment": "",
					"deffectPercent": 10,
					"conclusion": "ОГР"
				}
			}
		},
		"walls": {
			"parameters": {
				"material": "Ж/Б монолит",
				"temperaturePhysical": "Не определялись"
			},
			"description": "Следы замачивания наружных стен у водостоков и под окнами. Трещины на внутренних стенах гаража, следы увлажнения.",
			"conclusion": {
				"preSurveyAssessment": "",
				"deffectPercent": 10,
				"conclusion": "Р"
			}
		},
		"groundFloor": {
			"parameters": {
				"area": 36922,
				"place": "Под частью здания"
			},
			"description": "Незначительные неровности покрытия пола, мелкие трещины.",
			"conclusion": {
				"preSurveyAssessment": "",
				"deffectPercent": 10,
				"conclusion": "У"
			}
		},
		"technicalGroundFloor": {
			"description": "Отсутствует.",
			"conclusion": {
				"preSurveyAssessment": "",
				"deffectPercent": 0,
				"conclusion": ""
			}
		},
		"technicalFloor": {
			"place": 0,
			"description": "Отсутствует.",
			"conclusion": {
				"preSurveyAssessment": "",
				"deffectPercent": 0,
				"conclusion": ""
			}
		},
		"garage": {
			"parameters": {
				"type": "Встроенный",
				"area": 22437,
				"carsPlaces": 1700
			},
			"description": "Мелкие трещины покрытия пола. Следы замачивания по периметру стен. Наличие протечек в зоне размещения коммуникаций.",
			"conclusion": {
				"preSurveyAssessment": "",
				"deffectPercent": 10,
				"conclusion": "У"
			}
		},
		"commonPlaces": {
			"commonPlacesQty": {
				"externalRamps": 0,
				"accessRamps": 0,
				"ramps": 0
			},
			"vestibules": {
				"description": "Видимые дефекты отсутствуют.",
				"conclusion": {
					"preSurveyAssessment": "",
					"deffectPercent": 3,
					"conclusion": "У"
				}
			},
			"porches": {
				"description": "Трещины покрытия, отслоение отдельных плит покрытия площадок.",
				"conclusion": {
					"preSurveyAssessment": "",
					"deffectPercent": 20,
					"conclusion": "У"
				}
			},
			"externalRamps": {
				"description": "",
				"conclusion": {
					"preSurveyAssessment": "",
					"deffectPercent": 0,
					"conclusion": ""
				}
			},
			"accessRamps": {
				"description": "",
				"conclusion": {
					"preSurveyAssessment": "",
					"deffectPercent": 0,
					"conclusion": ""
				}
			},
			"gatheringsCongresses": {
				"description": "",
				"conclusion": {
					"preSurveyAssessment": "",
					"deffectPercent": 0,
					"conclusion": ""
				}
			},
			"windowsDoors": {
				"description": "Видимые дефекты отсутствуют.",
				"conclusion": {
					"preSurveyAssessment": "",
					"deffectPercent": 3,
					"conclusion": "У"
				}
			},
			"interiorDecoration": {
				"description": "Стены - окраска по штукатурке. Незначительное загрязнение панелей стен. Полы покрыты плиткой-трещины отдельных плиток.",
				"conclusion": {
					"preSurveyAssessment": "",
					"deffectPercent": 15,
					"conclusion": "У"
				}
			},
			"allElements": {
				"description": "Удовлетворительное состояние. Дефек ты устранимы текущим ремонтом.",
				"conclusion": {
					"preSurveyAssessment": "",
					"deffectPercent": 20,
					"conclusion": "У"
				}
			}
		},
		"stairs": {
			"parameters": {
				"material": "Ж/бет.марши"
			},
			"description": "Трещины отдельных плиток ступеней и площадок.",
			"conclusion": {
				"preSurveyAssessment": "",
				"deffectPercent": 10,
				"conclusion": "Р"
			}
		},
		"crossover": {
			"parameters": {
				"material": "Жел.бетонные"
			},
			"description": "Протечки на перекрытии над гаражем перекрытий над гаражем на 1 и 2 уровне.",
			"conclusion": {
				"preSurveyAssessment": "",
				"deffectPercent": 10,
				"conclusion": "Р"
			}
		},
		"heatingSystems": {
			"parameters": {
				"type": "Централизованное",
				"pipeLinesMaterial": "Черн.сталь",
				"fittings": "конвекторы",
				"thermostats": "Отсутствует",
				"acc": 0,
				"oddu": "Имеется",
				"elevatorUnit": 0,
				"thermalUnit": 0,
				"waterStandType": "Открытый"
			},
			"technicalFloors": {
				"description": "Повреждение теплоизоляции на отдельных участках. По данным УК аварий нет.",
				"conclusion": {
					"preSurveyAssessment": "",
					"deffectPercent": 5,
					"conclusion": "У"
				}
			},
			"transitFeeding": {
				"description": "Отсутствует",
				"conclusion": {
					"preSurveyAssessment": "",
					"deffectPercent": 0,
					"conclusion": ""
				}
			},
			"attic": {
				"description": "Отсутствует",
				"conclusion": {
					"preSurveyAssessment": "",
					"deffectPercent": 0,
					"conclusion": ""
				}
			},
			"floors": {
				"description": "Повреждение теплоизоляции. Замена отдельных приборов отопления. По данным УК аварий нет.",
				"conclusion": {
					"preSurveyAssessment": "",
					"deffectPercent": 5,
					"conclusion": "У"
				}
			},
			"wholeSystem": {
				"description": "Удовлетворительное состояние системы. Дефекты устранимы техническим обслуживанием.",
				"conclusion": {
					"preSurveyAssessment": "",
					"deffectPercent": 5,
					"conclusion": "У"
				}
			}
		},
		"hotWaterSystem": {
			"parameters": {
				"type": "Централизованное",
				"pipeLinesMaterial": "Оцинк.сталь",
				"oddu": "Имеется",
				"waterStandType": "Открытый"
			},
			"technicalFloors": {
				"description": "Повреждение теплоизоляции. Поверхностная коррозия трубопроводов. Вставки.",
				"conclusion": {
					"preSurveyAssessment": "",
					"deffectPercent": 10,
					"conclusion": "У"
				}
			},
			"transitFeeding": {
				"description": "Отсутствует",
				"conclusion": {
					"preSurveyAssessment": "",
					"deffectPercent": 0,
					"conclusion": ""
				}
			},
			"attic": {
				"description": "Отсутствует",
				"conclusion": {
					"preSurveyAssessment": "",
					"deffectPercent": 0,
					"conclusion": ""
				}
			},
			"floors": {
				"description": "Поверхностная коррозия мест соединения. По данным УК аварий нет.",
				"conclusion": {
					"preSurveyAssessment": "",
					"deffectPercent": 10,
					"conclusion": "У"
				}
			},
			"wholeSystem": {
				"description": "Удовлетворительное состояние системы. Дефекты устранимы текущим ремонтом.",
				"conclusion": {
					"preSurveyAssessment": "",
					"deffectPercent": 10,
					"conclusion": "У"
				}
			}
		},
		"coldWaterSystem": {
			"parameters": {
				"type": "",
				"pipeLinesMaterial": "Оцинк.сталь",
				"oddu": "Имеется",
				"waterStandType": "Открытый"
			},
			"technicalFloors": {
				"description": "Коррозия мест соединения, замена участков. По информации УК аварий нет.",
				"conclusion": {
					"preSurveyAssessment": "",
					"deffectPercent": 15,
					"conclusion": "У"
				}
			},
			"transitFeeding": {
				"description": "Отсутствует",
				"conclusion": {
					"preSurveyAssessment": "",
					"deffectPercent": 0,
					"conclusion": ""
				}
			},
			"fireWaterSystem": {
				"description": "Заполнен. Укомплектован. Коррозия трубопровода в паркинге. Вставки, замена участков до 150 м.",
				"conclusion": {
					"preSurveyAssessment": "",
					"deffectPercent": 15,
					"conclusion": "У"
				}
			},
			"floors": {
				"description": "Коррозия мест соединения.",
				"conclusion": {
					"preSurveyAssessment": "",
					"deffectPercent": 10,
					"conclusion": "У"
				}
			},
			"wholeSystem": {
				"description": "Удовлетворительное состояние системы. Дефекты устранимы текущим ремонтом.",
				"conclusion": {
					"preSurveyAssessment": "",
					"deffectPercent": 15,
					"conclusion": "У"
				}
			}
		},
		"sewerage": {
			"parameters": {
				"type": "",
				"material": "ПВХ",
				"waterStandType": "Открытый"
			},
			"technicalFloors": {
				"description": "Замена отдельных участков. Подтеки.",
				"conclusion": {
					"preSurveyAssessment": "",
					"deffectPercent": 10,
					"conclusion": "У"
				}
			},
			"floors": {
				"description": "Видимые дефекты отсутствуют.",
				"conclusion": {
					"preSurveyAssessment": "",
					"deffectPercent": 3,
					"conclusion": "У"
				}
			},
			"wholeSystem": {
				"description": "Удовлетворительное состояние системы. Дефекты устранимы техническим обслуживанием.",
				"conclusion": {
					"preSurveyAssessment": "",
					"deffectPercent": 10,
					"conclusion": "У"
				}
			}
		},
		"wasteChute": {
			"parameters": {
				"type": "Hа л/клетках",
				"wasteCameras": "Hа 1 этаже"
			},
			"description": "Поверхностная коррозия клапанов, скрип отдельных ковшей.",
			"conclusion": {
				"preSurveyAssessment": "",
				"deffectPercent": 5,
				"conclusion": "У"
			}
		},
		"wasteChuteFlushingSystem": {},
		"ventilation": {},
		"gasWaste": {},
		"elevators": {},
		"invalidElevator": {},
		"autoLoweringElevatorSystem": {},
		"ESSystem": {},
		"secondCableEnter": {},
		"autoStartReservElectricity": {},
		"PPAIDU": {},
		"fireAlarmSystem": {},
		"GS": {},
		"ODSConnection": {},
		"videoSurveillanceSystem": {},
		"antiMouseSustem": {},
		"generalConclusion": ""
	},
	"defects": {
		"odsConnections": {
			"parameters": {
				"type": "Комплексная (лифтовая + охранная)"
			},
			"defect": "В работоспособном состоянии",
			"lastSurvey": {
				"isChecked": true,
				"documentNum": "ТО-20",
				"documentDate": "01.12.2015",
				"additionalAgreementDate": "01.01.2019",
				"company": "ООО «Техкомплект»",
				"rate": "У"
			}
		},
		"ventilation": {
			"defect": "В работоспособном состоянии",
			"lastSurvey": {
				"isChecked": false,
				"documentNum": "",
				"documentDate": "",
				"additionalAgreementDate": "",
				"company": "",
				"rate": ""
			}
		},
		"wasteChuteFlushingSystem": {
			"parameters": {
				"has": "Имеется"
			},
			"defect": "В работоспособном состоянии",
			"lastSurvey": {
				"isChecked": false,
				"documentNum": "",
				"documentDate": "",
				"additionalAgreementDate": "",
				"company": "",
				"rate": "У"
			}
		},
		"antiMouseSustem": {
			"parameters": {
				"has": "Имеется"
			},
			"defect": "В работоспособном состоянии. Оборудование отключено на день обследования.",
			"lastSurvey": {
				"isChecked": false,
				"documentNum": "",
				"documentDate": "",
				"additionalAgreementDate": "",
				"company": "",
				"rate": "У"
			}
		},
		"gasWaste": {
			"parameters": {
				"has": "Отсутвтвуют"
			},
			"defect": "",
			"lastSurvey": {
				"isChecked": false,
				"documentNum": "",
				"documentDate": "",
				"additionalAgreementDate": "",
				"company": "",
				"rate": ""
			}
		},
		"elevators": {
			"parameters": {
				"type": "",
				"passElevQty": 0,
				"passCargoElevQty": 36,
				"overheadElevQty": 0
			},
			"defect": "В работоспособном состоянии",
			"lastSurvey": {
				"isChecked": true,
				"documentNum": "ТО-20",
				"documentDate": "01.12.2015",
				"additionalAgreementDate": "01.01.2019",
				"company": "ООО «Техкомплект»",
				"rate": "У"
			}
		},
		"invalidElevator": {
			"parameters": {
				"has": "Отсутвтвуют",
				"qty": 0
			},
			"defect": "",
			"lastSurvey": {
				"isChecked": false,
				"documentNum": "",
				"documentDate": "",
				"additionalAgreementDate": "",
				"company": "",
				"rate": ""
			}
		},
		"autoLoweringElevatorSystem": {
			"parameters": {
				"has": "Отсутвтвуют"
			},
			"defect": "",
			"lastSurvey": {
				"isChecked": false,
				"documentNum": "",
				"documentDate": "",
				"additionalAgreementDate": "",
				"company": "",
				"rate": ""
			}
		},
		"ESSystem": {
			"parameters": {
				"place": "На 1 этаже",
				"qty": 4
			},
			"defect": "",
			"lastSurvey": {
				"isChecked": false,
				"documentNum": "",
				"documentDate": "",
				"additionalAgreementDate": "",
				"company": "",
				"rate": "У"
			}
		},
		"secondCableEnter": {
			"parameters": {
				"has": "Имеется"
			},
			"defect": "В работоспособном состоянии",
			"lastSurvey": {
				"isChecked": false,
				"documentNum": "",
				"documentDate": "",
				"additionalAgreementDate": "",
				"company": "",
				"rate": "У"
			}
		},
		"autoStartReservElectricity": {
			"parameters": {
				"has": "Имеется"
			},
			"defect": "В работоспособном состоянии",
			"lastSurvey": {
				"isChecked": false,
				"documentNum": "",
				"documentDate": "",
				"additionalAgreementDate": "",
				"company": "",
				"rate": "У"
			}
		},
		"PPAIDU": {
			"parameters": {
				"type": "Комплексная (ППАиДУ)"
			},
			"defect": "В работоспособном состоянии",
			"lastSurvey": {
				"isChecked": true,
				"documentNum": "б/н",
				"documentDate": "01.12.2014",
				"additionalAgreementDate": "01.01.2019",
				"company": "ООО «Кром»",
				"rate": "У"
			}
		},
		"fireAlarmSystem": {
			"parameters": {
				"has": "Имеется"
			},
			"defect": "В работоспособном состоянии",
			"lastSurvey": {
				"isChecked": true,
				"documentNum": "",
				"documentDate": "",
				"additionalAgreementDate": "01.01.2019",
				"company": "ООО «Кром»",
				"rate": "У"
			}
		},
		"GS": {
			"parameters": {
				"has": "Отсутвтвует"
			},
			"defect": "",
			"lastSurvey": {
				"isChecked": false,
				"documentNum": "",
				"documentDate": "",
				"additionalAgreementDate": "",
				"company": "",
				"rate": ""
			}
		},
		"videoSurveillanceSystem": {
			"parameters": {
				"type": "Комплексная (в подъезде + прилегающей территории)"
			},
			"defect": "В работоспособном состоянии",
			"lastSurvey": {
				"isChecked": false,
				"documentNum": "",
				"documentDate": "",
				"additionalAgreementDate": "",
				"company": "",
				"rate": "У"
			}
		}
	},
	"text": {
		"additionalData": {
			"1": "Дефекты элементов здания, отраженные в настоящем отчете, определены при визуальном обследовании с выборочным осмотром квартир, лестничных клеток, подвального и чердачного помещений с использованием данных ОДС и УК.",
			"2": "Паспортные данные – из базы БТИ; данные о наличии и состоянии инженерных систем, эксплуатируемых специализированными организациями, а также о выполнении работ капитального характера, представлены Заказчиком и управляющей компанией на день обследования.",
			"3": "Необходимы регулярные обследования специализированными организациями: систем связи с ОДС, лифтов, системы ОЗДС, вентиляции, электроснабжения, ДУиППА, видеонаблюдения с устранением выявленных дефектов.",
			"4": "Жилой комплекс состоит из 4 –х разноуровневых корпусов от 8-23 этажей. Комплекс имеет 12 лестниц, 10 входов и 2 входа в помещения 1-х этажей. На первом этаже размещены нежилые помещения службы быта, магазины, детский сад. Корпуса объединены паркингом и стилобатом. Корпуса имеют входы со стилобата, восьмиэтажный корпус не имеет входа со стилобата, но имеет 2 эвакуационные лестницы."
		},
		"workInformation": {
			"covers": "Жел.бетонные",
			"recomendations": "Н/и (не имеется)"
		},
		"mainConclusion": {
			"technicalCondition": "Ограниченно-работоспособное",
			"recomendations": {
				"1": "Здание требует выборочного капитального ремонта при котором необходимо выполнить: - ремонт лоджий с восстановлением водоотвода.",
				"2": "Отмеченные дефекты остальных элементов здания подлежат устранению при техническом обслуживании, подготовке к сезонной эксплуатации и текущем ремонте."
			}
		}
	}
}
