{
	"searchAllInputs": true,
	"saveData": true,
	"loadData": true,
	"clearData": true,
	"downloadPhotos": true,
	"createFakeSelects": true,
	"setRepresentatives": true,
	"setRatings": true,
	"algorythms": false,
	"parser": true,
	"parserPDF": true,
	"useAI": true,
	"names": {
		"searchAllInputs": "Поиск всех полей ввода на странице",
		"saveData": "Копирование отчета",
		"loadData": "Вставка отчета",
		"clearData": "Очистка отчета",
		"downloadPhotos": "Загрузка фотографий",
		"createFakeSelects": "Создание выпадающих списков",
		"setRepresentatives": "Подгрузка подписантов",
		"setRatings": "Валидация полей процентов и оценок",
		"algorythms": "Алгоритмы для полей «Все элементы»",
		"parser": "Парсер Управляющих компаний",
		"parserPDF": "Парсер PDF",
		"useAI": "Использование ИИ"
	}
}
